X,Y,Z, Ù–‘ø‚1, Ù–‘ø‚2, Ù–‘ø‚3....
,,,,,
438007.218,4963755.385,580.08,,,
438012.805,4963754.943,579.993,,,
438017.422,4963755.264,580.021,,,
438019.597,4963755.399,579.922,,,
438025.512,4963755.878,579.945,,,
438031.242,4963755.908,580.175,,,
438031.493,4963764.447,580.099,,,
438031.296,4963770.678,579.833,,,
438031.033,4963782.384,579.625,,,
438031.379,4963789.088,579.649,,,
438020.63,4963788.842,579.907,,,
438011.661,4963788.898,580.116,,,
437999.142,4963789.189,580.41,,,
437992.422,4963789.218,580.309,,,
437991.931,4963790.595,580.492,,,
437991.794,4963795.336,580.864,,,
437991.602,4963803.172,581.339,,,
437991.707,4963810.329,581.464,,,
437991.661,4963824.46,581.598,,,
437991.438,4963833.634,581.548,,,
437991.629,4963839.875,581.537,,,
437991.287,4963849.915,581.654,,,
437986.202,4963849.428,581.743,,,
437984.116,4963849.89,581.583,,,
437983.014,4963851.034,581.727,,,
437980.468,4963852.563,581.738,,,
437978.889,4963853.033,581.254,,,
,,,,,
437305.049,4964865.206,,,,
437295.478,4964863.57,,,,
437274.244,4964862.976,,,,
437273.868,4964881.515,,,,
437274.315,4964896.832,,,,
437295.298,4964897.03,,,,
437305.526,4964894.177,,,,
,,,,,
438556.222,4964697.939,,,,
438568.407,4964685.318,,,,
,,,,,
437771.071,4964197.77,584.629,,,
437736.507,4964200.128,584.817,,,
437737.446,4964219.044,585.03,,,
437737.263,4964219.019,585.004,,,
437713.469,4964218.5,589.933,,,
437522.249,4964194.814,595.668,,,
437512.554,4964197.461,594.984,,,
437504.801,4964197.856,596.138,,,
437505.854,4964284.471,595.877,,,
437534.925,4964299.858,,,,
,,,,,
437538.45,4964156.625,594.6,,,
437540.106,4964163.347,594.277,,,
437544.995,4964220.045,593.337,,,
437548.496,4964245.427,593.239,,,
437551.905,4964267.994,593.004,,,
437557.163,4964297.17,592.498,,,
437543.924,4964299.272,593.05,,,
437535.245,4964299.865,593.301,,,
,,,,,
438176.087,4964471.59,580.823,,,
438241.529,4964402.716,581.05,,,
438422.677,4964500.025,,,,
438449.876,4964542.128,,,,
438467.798,4964570.626,,,,
438447.737,4964593.556,,,,
438422.5,4964620.104,,,,
438415.646,4964649.473,,,,
438460.139,4964687.602,,,,
438501.145,4964726.23,,,,
438516.485,4964757.431,,,,
438566.542,4964863.753,,,,
438532.227,4964932.249,,,,
438742.6,4965151.581,,,,
438836.101,4965248.852,,,,
438993.794,4965363.932,,,,
439301.628,4965586.434,,,,
439308.029,4965589.4,,,,
439317.903,4965571.811,,,,
439330.938,4965556.021,,,,
,,,,,
437967.223,4963406.985,578.511,,,
437977.736,4963408.646,578.412,,,
437992.585,4963409.835,578.633,,,
438009.13,4963410.192,578.481,,,
438024.532,4963409.403,578.753,,,
438025.918,4963403.389,578.572,,,
438026.021,4963422.031,578.685,,,
438021.914,4963432.559,579.125,,,
438013.481,4963446.979,579.038,,,
438007.541,4963458.751,579.022,,,
437969.208,4963516.319,578.793,,,
437960.058,4963525.875,580.135,,,
437957.656,4963529.58,580.329,,,
437943.614,4963530.179,580.052,,,
437931.115,4963529.77,580.295,,,
437931.266,4963536.846,580.178,,,
437931.397,4963544.771,580.349,,,
437922.538,4963529.585,580.301,,,
437922.123,4963526.771,580.597,,,
437903.746,4963530.731,580.005,,,
437891.251,4963530.968,580.49,,,
437879.037,4963531.034,580.796,,,
437878.882,4963539.08,580.775,,,
437879.192,4963545.277,581.025,,,
,,,,,
438349.084,4964204.15,584.435,,,
438312.644,4964201.88,585.292,,,
,,,,,
437756.968,4965168.274,589.327,,,
437754.892,4965169.042,589.389,,,
437747.529,4965176.225,589.509,,,
,,,,,
437734.315,4966241.122,599.903,,,
437759.346,4966225.148,600.317,,,
437714.136,4966159.009,601.612,,,
437708.081,4966133.368,603.666,,,
437728.209,4966096.292,603.741,,,
437755.453,4966089.158,603.23,,,
437801.665,4966055.706,601.523,,,
437808.983,4966040.696,601.2,,,
437811.34,4965986.781,600.146,,,
437816.504,4965953.581,599.238,,,
437824.643,4965908.291,599.026,,,
437832.541,4965787.218,596.774,,,
437840.992,4965722.737,595.907,,,
437847.582,4965657.88,595.74,,,
437855.094,4965604.846,594.958,,,
437863.347,4965549.365,594.022,,,
437868.703,4965495.095,593.628,,,
437849.441,4965415.511,591.572,,,
437839.165,4965387.526,590.907,,,
437809.574,4965302.767,589.728,,,
437798.666,4965273.056,588.997,,,
437776.818,4965218.739,589.317,,,
437765.268,4965227.717,589.596,,,
437760.84,4965217.678,589.826,,,
437754.223,4965194.689,589.606,,,
437747.529,4965176.225,589.509,,,
437732.35,4965183.898,590.262,,,
,,,,,
437824.25,4963749.869,,,,
437824.229,4963747.289,584.079,,,
437824.32,4963740.094,585.168,,,
437823.802,4963736.778,584.243,,,
437809.328,4963735.45,584.832,,,
437799.67,4963735.516,584.946,,,
437789.105,4963736.096,585.112,,,
437771.326,4963735.259,585.185,,,
437755.882,4963736.563,586.889,,,
437746.908,4963736.517,587.061,,,
437735.992,4963735.49,588.245,,,
437734.953,4963729.763,587.698,,,
437734.757,4963721.583,,,,
,,,,,
437705.547,4963883.393,592.181,,,
437688.705,4963843.214,590.722,,,
437637.778,4963843.852,591.174,,,
,,,,,
437978.707,4963871.989,581.531,,,
437991.146,4963887.706,581.423,,,
438039.753,4963887.62,580.761,,,
438119.282,4963889.615,579.185,,,
,,,,,
437412.776,4964268.862,599.17,,,
437410.137,4964409.382,598.218,,,
437511.342,4964404.199,595.04,,,
437533.87,4964405.218,593.86,,,
437558.508,4964405.369,592.572,,,
437556.217,4964398.876,,,,
,,,,,
437756.556,4963469.45,581.231,,,
437756.275,4963452.571,581.519,,,
437757.013,4963432.793,581.878,,,
437757.529,4963418.136,581.752,,,
437757.566,4963401.58,583.847,,,
437746.409,4963404.404,581.646,,,
437728.125,4963405,581.747,,,
437714.073,4963406.135,580.817,,,
437705.519,4963406.265,581.68,,,
437705.385,4963403.258,581.61,,,
437714.494,4963411.542,582.076,,,
437714.447,4963420.823,582.147,,,
,,,,,
438101.73,4964617.559,583.357,,,
438110.686,4964617.771,583.276,,,
438120.658,4964617.686,583.039,,,
438129.887,4964618.079,583.148,,,
438139.258,4964618.14,583.079,,,
438145.281,4964618.127,583.1,,,
438151.98,4964618.146,582.979,,,
438158.645,4964618.131,582.989,,,
438163.969,4964618.153,582.961,,,
438169.537,4964618.129,582.746,,,
438175.766,4964618.117,582.738,,,
438183.102,4964618.113,582.733,,,
438190.223,4964618.101,582.702,,,
438197.753,4964618.125,582.642,,,
438204.913,4964618.113,582.654,,,
438205.73,4964612.763,582.708,,,
438207.162,4964607.897,582.767,,,
438207.682,4964604.621,582.728,,,
,,,,,
437997.572,4964773.31,584.498,,,
437991.212,4964780.919,584.521,,,
437979.118,4964794.245,584.284,,,
437990.76,4964813.935,584.438,,,
437996.07,4964825.141,583.304,,,
437999.471,4964827.361,584.452,,,
,,,,,
439081.042,4965219.521,555.563,,,
439045.443,4965214.442,556.658,,,
,,,,,
437977.644,4963871.697,581.733,,,
437991.339,4963887.465,581.36,,,
438004.86,4963951.189,582.363,,,
438017.858,4963975.63,582.422,,,
438018.451,4963977.452,581.428,,,
438060.579,4964062.93,581.817,,,
438062.006,4964064.405,582.457,,,
438073.543,4964081.613,582.59,,,
438100.939,4964144.921,582.775,,,
438108.941,4964153.915,582.047,,,
438111.023,4964156.603,581.127,,,
438145.787,4964208.719,580.429,,,
,,,,,
438014.828,4963628.484,,,,
437953.427,4963632.592,,,,
437925.978,4963653.816,,,,
437926.983,4963672.957,,,,
437928.982,4963706.581,,,,
437931.655,4963740.666,,,,
437907.794,4963754.993,,,,
437902.226,4963757.188,,,,
437890.917,4963759.16,,,,
437838.345,4963759.007,,,,
437827.042,4963757.461,,,,
437826.873,4963749.077,,,,
437824.323,4963749.091,,,,
437824.373,4963749.869,,,,
,,,,,
437646.883,4963899.717,591.282,,,
437646.847,4963899.703,591.279,,,
437727.46,4963900.902,590.062,,,
437735.152,4963900.651,587.759,,,
437800.002,4963897.906,585.954,,,
437861.385,4963897.203,583.938,,,
437906.36,4963890.615,582.978,,,
437909.585,4963891.346,581.865,,,
437976.828,4963877.311,581.687,,,
437990.728,4963887.23,581.406,,,
437977.644,4963871.697,581.733,,,
437981.78,4963871.321,581.595,,,
437978.844,4963794.969,580.743,,,
437910.599,4963793.797,582.048,,,
437903.843,4963794.248,583.032,,,
437875.324,4963793.808,584.114,,,
437872.279,4963830.584,584.685,,,
437865.154,4963832.864,585.065,,,
,,,,,
437809.701,4963509.888,581.87,,,
437820.788,4963510.3,581.464,,,
437824.291,4963510.199,581.467,,,
437824.161,4963495.259,581.264,,,
437825.127,4963471.302,580.759,,,
437828.021,4963470.847,579.722,,,
437829.292,4963510.675,581.084,,,
437852.452,4963508.96,580.825,,,
437869.848,4963503.829,580.776,,,
437886.444,4963501.762,580.409,,,
437903.55,4963500.787,580.243,,,
437919.504,4963501.072,580.408,,,
437935.85,4963500.972,580.425,,,
437950.745,4963501.692,580.284,,,
437964.196,4963504.677,579.961,,,
437974.113,4963509.527,578.298,,,
437964.833,4963501.269,579.872,,,
437960.931,4963497.867,579.698,,,
437960.797,4963479.573,579.232,,,
437960.699,4963461.392,579.32,,,
437961.399,4963447.883,579.267,,,
437961.287,4963432.171,578.954,,,
437961.372,4963419.704,579.185,,,
437960.384,4963407.241,579.202,,,
437945.58,4963405.659,579.834,,,
437931.293,4963405.508,579.889,,,
437931.133,4963411.245,579.987,,,
437931.167,4963417.998,580.11,,,
437922.483,4963405.956,580.001,,,
437922.046,4963401.505,581.987,,,
437906.871,4963406.315,579.71,,,
437891.177,4963407.771,580.609,,,
437879.455,4963407.879,580.551,,,
437879.299,4963401.7,581.028,,,
,,,,,
437406.211,4963286.387,597.14,,,
437408.321,4963233.319,596.24,,,
437489.524,4963291.436,595.082,,,
437513.484,4963291.467,591.189,,,
437514.316,4963270.772,593.821,,,
,,,,,
439388.375,4965634.017,596.477,,,
439400.922,4965642.96,599.391,,,
439393.703,4965678.476,600.943,,,
439400.93,4965696.303,600.974,,,
439395.204,4965710.646,597.415,,,
439393.951,4965725.562,597.396,,,
,,,,,
438349.084,4964204.15,584.435,,,
438311.839,4964201.83,585.134,,,
,,,,,
437954.784,4964786.418,,,,
437964.46,4964781.736,,,,
437965.669,4964777.808,,,,
437990.009,4964773.73,,,,
438008.907,4964776.147,,,,
438033.115,4964832.26,,,,
438082.261,4964875.793,,,,
438163.597,4964836.369,,,,
,,,,,
438192.634,4963722.553,577.819,,,
438198.524,4963769.008,578.287,,,
438198.852,4963784.028,578.398,,,
438198.558,4963791.235,579.316,,,
438169.79,4963792.785,578.158,,,
438005.774,4963794.91,580.419,,,
438003.533,4963820.56,580.983,,,
438002.983,4963847.593,580.755,,,
437982.522,4963854.673,581.332,,,
437979.337,4963854.547,581.537,,,
,,,,,
439394.675,4965615.614,596.602,,,
439393.736,4965624.021,596.733,,,
439393.524,4965626.822,596.328,,,
,,,,,
437706.145,4963542.674,582.529,,,
437705.692,4963535.836,582.44,,,
437705.772,4963526.12,582.626,,,
,,,,,
437827.042,4963758.457,584.577,,,
437898.72,4963758.02,583.219,,,
437931.517,4963741.073,580.846,,,
437928.845,4963707.204,580.743,,,
437927.21,4963672.937,580.377,,,
437926.609,4963655.139,580.629,,,
437953.534,4963632.888,579.779,,,
438023.227,4963566.894,578.34,,,
438027.605,4963565.441,578.218,,,
,,,,,
437577.243,4963726.832,592.601,,,
437543.204,4963727.046,593.254,,,
437539.34,4963719.546,595.947,,,
437539.215,4963675.914,595.958,,,
437538.922,4963673.251,595.864,,,
437543.728,4963579.865,592.901,,,
437543.002,4963543.397,593.569,,,
437515.47,4963548.105,596.536,,,
437515.589,4963543.327,596.468,,,
437480.917,4963549.177,596.687,,,
437472.148,4963491.035,595.301,,,
437470.796,4963488.398,594.938,,,
437403.997,4963378.436,595.735,,,
,,,,,
437821.504,4963580.489,581.946,,,
437785.433,4963579.505,582.225,,,
437749.853,4963578.445,582.365,,,
437717.978,4963579.866,582.648,,,
437677.392,4963578.063,582.802,,,
437652.752,4963581.814,586.764,,,
437635.864,4963582.366,590.596,,,
437615.302,4963583.601,591.11,,,
437589.342,4963583.781,591.555,,,
437550.517,4963579.572,592.229,,,
437549.369,4963605.86,593.223,,,
437535.796,4963609.974,596.631,,,
437507.022,4963616.469,597.58,,,
437481.804,4963623.047,597.335,,,
437460.459,4963622.68,597.409,,,
437438.047,4963622.963,597.054,,,
437411.854,4963622.355,596.967,,,
437389.058,4963622.694,597.237,,,
437371.942,4963623.086,596.89,,,
437358.553,4963621.007,596.419,,,
437358.176,4963604.22,596.518,,,
437358.205,4963598.625,596.611,,,
437356.908,4963598.751,596.81,,,
437342.969,4963598.755,596.766,,,
437342.47,4963597.241,596.88,,,
437358.817,4963588.948,596.615,,,
437359.227,4963574.297,596.387,,,
437359.724,4963558.113,596.228,,,
437359.987,4963541.737,595.98,,,
437360.201,4963528.933,595.844,,,
437360.246,4963510.473,595.862,,,
437360.041,4963497.33,595.725,,,
437359.906,4963483.321,595.746,,,
437358.095,4963469.08,596.077,,,
437358.288,4963461.176,595.818,,,
437349.739,4963461.352,596.765,,,
437342.766,4963461.359,596.788,,,
437342.212,4963464.114,596.759,,,
,,,,,
438902.802,4965094.428,,,,
438598.209,4964765.021,,,,
,,,,,
438863.987,4965277.286,,,,
438934.193,4965325.888,,,,
438932.8,4965327.982,,,,
,,,,,
438229.288,4963840.84,578.597,,,
438209.133,4963841.032,578.869,,,
438208.548,4963839.794,578.726,,,
438207.332,4963812.44,578.829,,,
438207.706,4963801.306,578.973,,,
438200.061,4963790.756,579.434,,,
438137.689,4963791.257,578.239,,,
438095.692,4963791.539,578.732,,,
438047.141,4963791.194,579.748,,,
438010.082,4963791.196,580.264,,,
437908.273,4963791.4,582.186,,,
437903.935,4963791.046,583.066,,,
437827.176,4963790.804,584.912,,,
437825.165,4963764.15,584.872,,,
437825.646,4963758.359,584.537,,,
437825.641,4963755.469,,,,
,,,,,
438566.015,4964708.054,,,,
438556.222,4964697.939,,,,
,,,,,
437807.09,4963856.831,585.141,,,
437802.658,4963830.612,585.754,,,
437800.208,4963791.861,585.63,,,
437870.968,4963794.924,584.364,,,
,,,,,
437856.596,4963797.15,584.636,,,
437856.885,4963791.189,584.619,,,
437800.038,4963791.745,585.597,,,
437756.913,4963791.364,586.987,,,
437731.87,4963791.295,587.828,,,
437726.481,4963791.679,590.395,,,
437680.638,4963791.596,590.169,,,
437637.435,4963791.513,591.216,,,
437637.433,4963856.583,591.164,,,
437576.39,4963857.23,591.643,,,
,,,,,
439081.042,4965219.521,,,,
439083.488,4965214.345,,,,
,,,,,
438913.182,4965218.139,,,,
438902.802,4965094.428,,,,
,,,,,
437990.86,4963886.907,,,,
438120.523,4963889.632,,,,
438121.075,4963996.154,,,,
438121.076,4964030.97,,,,
438186.195,4964031.181,,,,
,,,,,
438039.788,4963756.44,579.946,,,
438037.42,4963756.317,580.125,,,
438031.242,4963755.908,580.175,,,
,,,,,
439099.128,4965194.491,,,,
439099.698,4965191.927,,,,
,,,,,
438566.015,4964708.054,,,,
438564.361,4964709.651,,,,
,,,,,
438240.514,4964399.935,,,,
437996.254,4964615.367,,,,
437728.522,4964639.284,,,,
437634.112,4964810.601,,,,
437679.401,4964994.407,,,,
437755.51,4965168.072,,,,
,,,,,
439045.443,4965214.442,,,,
439039.504,4965201.624,,,,
439033.743,4965198.707,,,,
439030.005,4965196.41,,,,
439023.6,4965188.669,,,,
439020.186,4965183.97,,,,
439015.162,4965181.568,,,,
439012.441,4965177.131,,,,
439005.449,4965171.642,,,,
439002.446,4965169.254,,,,
438999.876,4965162.918,,,,
438996.081,4965160.08,,,,
438993.637,4965157.918,,,,
438989.458,4965152.036,,,,
438985.504,4965147.612,,,,
438980.228,4965141.138,,,,
,,,,,
438980.228,4965141.138,,,,
438969.398,4965152.251,,,,
,,,,,
439381.355,4965622.506,,,,
439380.557,4965623.477,596.364,,,
,,,,,
437747.529,4965176.225,589.509,,,
437723.224,4965149.601,589.106,,,
437695.818,4965124.393,589.554,,,
437667.615,4965102.303,590.532,,,
437633.002,4965078.656,590.001,,,
437588.507,4965054.571,590.778,,,
437541.019,4965030.75,592.223,,,
437517.934,4965016.042,592.294,,,
437516.77,4964985.981,592.527,,,
,,,,,
438182.716,4963719.745,577.683,,,
438183.046,4963753.323,578.063,,,
438065.488,4963751.465,579.773,,,
438058.055,4963653.592,578.223,,,
438049.363,4963584.884,578.092,,,
438048.323,4963557.855,577.081,,,
,,,,,
438349.084,4964204.15,584.435,,,
438341.459,4964263.19,584.708,,,
438336.549,4964279.358,584.786,,,
438327.685,4964277.68,585.379,,,
,,,,,
437880.438,4964329.401,585.188,,,
437881.006,4964332.238,585.01,,,
437903.708,4964332.469,585.105,,,
437936.861,4964332.24,585.002,,,
437935.904,4964228.927,583.936,,,
437935.79,4964192.036,583.322,,,
437773.18,4964193.096,,,,
,,,,,
438040.152,4963757.918,580.372,,,
438040.075,4963760.446,587.593,,,
438122.471,4963760.886,578.379,,,
,,,,,
437804.41,4963891.007,585.501,,,
437800.698,4963897.816,585.746,,,
437796.121,4963901.992,585.915,,,
437792.733,4963902.376,586.105,,,
437734.094,4963902.146,587.834,,,
437727.626,4963900.251,589.948,,,
437719.036,4963897.592,590.288,,,
437650.984,4963898.902,591.349,,,
,,,,,
438299.579,4963573.007,577.032,,,
438289.478,4963612.909,577.685,,,
438283.532,4963644.761,577.231,,,
438281.868,4963688.079,578.557,,,
438284.494,4963752.738,577.752,,,
438284.286,4963774.945,577.707,,,
,,,,,
438244.32,4963444.301,574.793,,,
438213.881,4963701.911,577.685,,,
438184.087,4963701.903,577.728,,,
438182.716,4963719.745,577.683,,,
438179.235,4963686.673,576.942,,,
438179.524,4963676.531,576.725,,,
438190.496,4963556.725,576.177,,,
,,,,,
438480.639,4962176.689,568.73,,,
438477.122,4962177.375,568.585,,,
438469.123,4962186.613,566.273,,,
438462.723,4962227.568,566.185,,,
438453.692,4962264.859,566.191,,,
438445.729,4962289.84,566.425,,,
438435.05,4962319.475,566.433,,,
438432.27,4962325.922,566.306,,,
438415.533,4962368.328,566.026,,,
438406.517,4962389.186,565.957,,,
438393.624,4962417.718,566.213,,,
438379.871,4962449.78,566.375,,,
438361.626,4962499.225,567.041,,,
438336.98,4962573.106,568.41,,,
438324.319,4962587.645,568.397,,,
438318.077,4962607.32,569.591,,,
438327.904,4962647.372,569.343,,,
438327.774,4962720.216,569.463,,,
438341.251,4962722.541,569.001,,,
438344.051,4962717.838,568.814,,,
438352.281,4962723.048,569.401,,,
438350.24,4962771.462,569.332,,,
438347.756,4962846.352,569.784,,,
438353.086,4962911.342,570.031,,,
438357.954,4962983.595,570.545,,,
438360.352,4963030.224,571.591,,,
438361.32,4963069.626,572.147,,,
438359.311,4963136.518,572.494,,,
438359.016,4963177.526,572.224,,,
438353.779,4963245.102,573.132,,,
438346.662,4963270.765,573.764,,,
438348.69,4963284.286,575.238,,,
438354.724,4963326.867,575.205,,,
438351.946,4963357.366,575.383,,,
438340.006,4963372.73,575.536,,,
438317.164,4963439.607,574.317,,,
438312.887,4963468.901,574.77,,,
438319.456,4963494.943,573.768,,,
438314.799,4963509.641,574.522,,,
438305.227,4963528.524,575.475,,,
438305.172,4963555.673,576.698,,,
438303.31,4963568.689,577.061,,,
438299.579,4963573.007,577.032,,,
438295.916,4963572.934,577.151,,,
438269.493,4963578.454,575.17,,,
438238.004,4963590.426,576.187,,,
438217.727,4963600.746,576.76,,,
438206.866,4963596.171,576.124,,,
438154.188,4963601.345,576.819,,,
438154.855,4963604.098,576.522,,,
438151.536,4963605.222,576.866,,,
,,,,,
437537.038,4964313.123,,,,
437537.195,4964314.359,,,,
,,,,,
438303.393,4964173.226,582.122,,,
438305.432,4964198.375,585.312,,,
438304.943,4964188.006,585.187,,,
438350.566,4964190.241,584.672,,,
438349.084,4964204.15,584.435,,,
438312.644,4964201.88,585.119,,,
438312.644,4964201.88,585.317,,,
438349.084,4964204.15,584.435,,,
,,,,,
438379.023,4964281.039,579.987,,,
438378.986,4964281.009,580.969,,,
438361.8,4964275.375,582.369,,,
438339.785,4964269.405,584.563,,,
,,,,,
438419.624,4962719.055,567.348,,,
438419.059,4962753.585,567.33,,,
438459.766,4962751.606,568.102,,,
438512.912,4962748.663,571.219,,,
438592.155,4962742.07,571.501,,,
438622.156,4962740.161,571.383,,,
438622.271,4962693.014,571.596,,,
438639.901,4962692.243,572.178,,,
438682.18,4962690.105,573.04,,,
438707.2,4962687.83,573.498,,,
,,,,,
437688.705,4963843.214,590.722,,,
437688.935,4963807.229,590.863,,,
,,,,,
438026.127,4964187.623,583.414,,,
437998.839,4964184.769,582.337,,,
437773.489,4964191.291,585.679,,,
,,,,,
437827.042,4963758.457,584.577,,,
437825.24,4963755.273,584.702,,,
,,,,,
439099.128,4965194.491,0,,,
439083.488,4965214.345,0,,,
,,,,,
437538.915,4964327.107,,,,
437542.232,4964355.046,593.516,,,
437546.983,4964369.038,593.566,,,
437555.665,4964397.066,,,,
,,,,,
439392.296,4965613.411,596.404,,,
439390.427,4965619.324,596.681,,,
439386.995,4965623.673,,,,
,,,,,
437822.598,4963509.671,581.426,,,
437822.37,4963530.578,581.548,,,
437823.122,4963551.745,581.663,,,
437822.706,4963567.372,581.619,,,
437821.887,4963577.23,581.799,,,
437818.806,4963589.442,582.578,,,
437818.054,4963602.731,582.841,,,
437817.676,4963614.52,583.042,,,
437817.386,4963632.363,583.238,,,
437817.737,4963652.536,583.646,,,
,,,,,
438312.644,4964201.88,585.119,,,
438310.729,4964204.472,585.275,,,
438310.126,4964211.484,585.195,,,
438310.689,4964216.567,585.369,,,
438310.914,4964220.681,585.428,,,
438311.933,4964227.392,585.2,,,
438308.98,4964228.787,585.388,,,
438305.737,4964230.679,585.257,,,
438300.398,4964233.445,585.216,,,
438295.635,4964234.759,585.051,,,
438286.919,4964239.786,584.329,,,
438275.132,4964247.661,583.184,,,
438263.39,4964254.129,582.325,,,
438252.613,4964261.401,581.591,,,
438244.789,4964265.183,581.282,,,
438233.057,4964273.519,581.687,,,
438205.543,4964273.404,581.701,,,
438195.53,4964222.289,581.114,,,
438197.559,4964184.887,580.872,,,
438199.053,4964156.237,580.77,,,
438161.52,4964153.469,580.994,,,
438107.271,4964152.227,581.928,,,
438107.255,4964168.747,582.1,,,
438099.572,4964175.187,582.102,,,
437926.514,4964176.738,583.14,,,
437897.692,4964179.803,583.613,,,
437864.153,4964183.378,584.135,,,
437780.405,4964186.907,584.778,,,
437773.207,4964186.956,,,,
,,,,,
438554.138,4964705.763,,,,
438548.853,4964711.973,,,,
438552.089,4964715.744,,,,
438559.446,4964723.506,,,,
438569.011,4964733.975,,,,
438579.499,4964744.472,,,,
438589.834,4964755.787,,,,
438598.209,4964765.021,,,,
,,,,,
438863.987,4965277.286,,,,
438869.51,4965270.553,,,,
,,,,,
437546.983,4964369.038,593.566,,,
437560.71,4964366.544,592.875,,,
437596.652,4964360.837,591.079,,,
437660.002,4964360.42,589.024,,,
437718.254,4964360.144,588.215,,,
437881.984,4964363.252,586.019,,,
437880.543,4964332.286,584.942,,,
,,,,,
438448.809,4962280.526,566.554,,,
438439.356,4962308.154,566.163,,,
438427.925,4962336.94,566.397,,,
438407.437,4962386.906,566.044,,,
438397.233,4962410.435,566.13,,,
438386.198,4962434.728,566.235,,,
438377.525,4962457.793,566.447,,,
438369.909,4962476.655,566.682,,,
438362.674,4962497.206,566.859,,,
438356.219,4962514.084,567.11,,,
438349.841,4962533.729,567.701,,,
438342.991,4962554.372,568.174,,,
438336.9,4962574.473,568.531,,,
438328.121,4962616.411,569.096,,,
438328.262,4962633.789,569.158,,,
438327.959,4962653.069,569.296,,,
438326.528,4962706.62,569.926,,,
438327.577,4962720.488,569.475,,,
438341.767,4962723.754,569.24,,,
438362.348,4962723.46,568.887,,,
438381.848,4962723.474,568.914,,,
438397.021,4962722.652,569.012,,,
438411.639,4962717.867,569.27,,,
438411.64,4962715.921,568.978,,,
438407.209,4962718.257,568.614,,,
438349.787,4962719.65,568.904,,,
438295.148,4962724.209,569.321,,,
438299.006,4962798.127,569.456,,,
438306.349,4962875.103,569.737,,,
438314.139,4962963.648,570.65,,,
438320.183,4963043.362,571.333,,,
438322.223,4963076.759,571.862,,,
438329.269,4963143.079,572.119,,,
438336.935,4963231.907,572.352,,,
438349.679,4963366.195,575.655,,,
438357.975,4963473.607,574.337,,,
438359.546,4963505.312,573.773,,,
438377.092,4963590.243,575.829,,,
438390.578,4963665.958,580.838,,,
438392.81,4963701.233,581.475,,,
438396.057,4963752.36,581.871,,,
438400.232,4963850.664,582.63,,,
438357.06,4963852.947,581.085,,,
438353.323,4963837.754,579.683,,,
,,,,,
440599.967,4966229.855,599.496,,,
440599.955,4966229.842,600.29,,,
440604.896,4966226.685,600.901,,,
440610.469,4966210.728,599.543,,,
440614.668,4966201.467,598.291,,,
440633.496,4966184.239,596.872,,,
440642.414,4966189.586,596.939,,,
440653.774,4966196.155,597.138,,,
440663.907,4966202.258,597.16,,,
440675.811,4966208.906,597.266,,,
440691.084,4966216.939,597.495,,,
440705.725,4966225.552,597.492,,,
440719.126,4966233.233,597.378,,,
440731.013,4966241.27,597.318,,,
440742.997,4966249.064,597.457,,,
440764.708,4966260.752,598.146,,,
440798.842,4966277.115,598.339,,,
440819.714,4966287.389,598.141,,,
440837.393,4966296.767,597.104,,,
440843.937,4966298.232,597.524,,,
440853.206,4966302.968,598.16,,,
440871.382,4966315.299,597.831,,,
440891.035,4966328.752,597.815,,,
440900.247,4966335.642,597.312,,,
440927.101,4966353.328,597.854,,,
440946.169,4966365.866,598.194,,,
440964.751,4966378.361,598.618,,,
440980.844,4966388.299,599.322,,,
441009.406,4966404.736,599.639,,,
441022.757,4966412.972,599.9,,,
441030.989,4966418.61,600.246,,,
441041.753,4966425.103,600.243,,,
441054.357,4966432.367,600.451,,,
441065.525,4966439.063,600.231,,,
441069.745,4966441.637,600.298,,,
441076.891,4966445.961,600.32,,,
441089.563,4966456.083,600.465,,,
441104.226,4966464.979,600.308,,,
441126.956,4966480.082,600.158,,,
441135.776,4966483.805,600.302,,,
441167.688,4966509.432,600.375,,,
441195.567,4966526.225,600.551,,,
441253.532,4966574.234,601.876,,,
441280.243,4966595.761,602.115,,,
441288.366,4966603.393,602.133,,,
441281.744,4966612.414,604.433,,,
441273.535,4966634.733,605.102,,,
,,,,,
438893.81,4965240.929,,,,
438969.099,4965152.355,,,,
,,,,,
438869.51,4965270.553,,,,
438893.81,4965240.929,,,,
,,,,,
439532.247,4965574.152,596.456,,,
439533.347,4965569.017,595.411,,,
439542.682,4965571.066,595.085,,,
439552.832,4965573.75,594.915,,,
439560.618,4965579.804,594.96,,,
439572.238,4965582.487,594.785,,,
439585.031,4965587.505,594.583,,,
439587.347,4965589.939,594.947,,,
439607.209,4965600.875,594.768,,,
439613.952,4965600.272,8607.653,,,
439619.236,4965601.367,8607.653,,,
439625.253,4965604.431,594.724,,,
439635.358,4965611.717,594.827,,,
439641.293,4965618.674,594.756,,,
439644.152,4965620.777,594.575,,,
,,,,,
437771.005,4964194.537,,,,
437771.071,4964197.77,584.629,,,
437764.985,4964196.408,584.942,,,
437755.335,4964194.993,584.973,,,
437741.95,4964191.82,584.967,,,
437724.833,4964189.021,584.995,,,
437712.92,4964188.533,590.007,,,
437712.85,4964203.064,589.786,,,
437712.688,4964217.268,589.882,,,
437711.933,4964241.761,589.862,,,
437692.225,4964240.396,589.159,,,
437671.916,4964239.927,589.432,,,
437633.85,4964237.093,590.58,,,
437611.191,4964236.096,590.995,,,
437600.839,4964235.044,591.274,,,
437588.706,4964234.875,591.273,,,
437577.484,4964234.558,591.531,,,
437571.802,4964234.964,591.716,,,
437565.54,4964236.221,592.261,,,
437554.403,4964240.071,592.491,,,
437547.945,4964242.404,593.231,,,
437536.861,4964245.266,593.195,,,
437531.854,4964247.292,593.802,,,
437531.904,4964248.156,593.76,,,
,,,,,
437757.348,4963541.564,581.893,,,
437743.89,4963541.268,582.165,,,
437715.258,4963541.883,582.458,,,
437714.927,4963545.066,582.724,,,
,,,,,
437367.57,4965006.724,,,,
437363.133,4965026.917,,,,
,,,,,
436832.186,4964878.266,583.715,,,
436828.35,4964895.241,581.719,,,
,,,,,
440751.67,4964053.76,578,,,
440732.445,4964088.08,578,,,
440621.942,4964026.969,578,,,
440612.56,4964052.872,578,,,
,,,,,
437242.755,4964862.841,,,,
437243.772,4964862.805,,,,
437246.157,4964864.774,,,,
437247.188,4964890.723,,,,
437277.787,4964904.554,,,,
437304.771,4964927.666,,,,
437310.186,4964937.595,,,,
437324.693,4964962.284,,,,
437336.322,4964986.752,,,,
437344.599,4964998.133,,,,
437344.443,4965000.425,,,,
437353.735,4965003.196,,,,
437367.17,4965006.147,,,,
437377.793,4965008.186,,,,
437392.019,4965008.21,,,,
437426.105,4965011.468,,,,
437481.295,4965010.119,,,,
437533.391,4965006.739,,,,
437581.795,4965003.123,,,,
437622.854,4965000.741,,,,
437657.062,4964993.603,,,,
437674.463,4964992.282,,,,
437675.177,4964978.225,,,,
437684.26,4964949.349,,,,
437691.689,4964925.948,,,,
437700.682,4964896.309,,,,
437714.706,4964865.389,,,,
437725.388,4964822.928,,,,
437736.183,4964791.784,,,,
437745.717,4964762.795,,,,
437746.562,4964739.797,,,,
437745.574,4964706.815,,,,
437757.321,4964700.157,,,,
,,,,,
437345.23,4963401.839,594.984,,,
437344.61,4963395.32,594.894,,,
437340.444,4963394.885,594.996,,,
437353.214,4963394.023,594.964,,,
437355.06,4963381.195,594.864,,,
437369.524,4963379.156,595.309,,,
437375.428,4963378.011,595.251,,,
437377.833,4963377.245,595.349,,,
437377.219,4963364.058,595.515,,,
437376.882,4963348.494,595.545,,,
437376.564,4963334.253,595.586,,,
437376.451,4963322.476,595.501,,,
437388.097,4963321.979,595.726,,,
437395.278,4963321.659,595.171,,,
437396.962,4963317.895,595.164,,,
437398.107,4963316.573,594.948,,,
437401.83,4963317.265,594.789,,,
437401.836,4963314.395,594.869,,,
437414.464,4963317.011,594.677,,,
437418.881,4963315.936,594.578,,,
437418.852,4963292.401,594.46,,,
437419.142,4963274.637,594.681,,,
437419.819,4963239.325,594.577,,,
437419.815,4963219.081,594.414,,,
437419.943,4963200.032,594.258,,,
437419.547,4963179.307,594.135,,,
437410.137,4963178.419,594.554,,,
437401.566,4963178.498,594.656,,,
437401.769,4963182.027,594.894,,,
,,,,,
438130.724,4963524.891,576.379,,,
438130.986,4963532.746,576.496,,,
438133.031,4963556.694,576.449,,,
438133.611,4963570.783,576.94,,,
438103.218,4963577.805,577.14,,,
438078.669,4963581.061,577.262,,,
438071.876,4963581.611,577.21,,,
438055.34,4963582.561,577.469,,,
438052.785,4963579.671,577.584,,,
438045.789,4963565.315,577.336,,,
438044.225,4963564.939,577.507,,,
438034.86,4963566.608,578.082,,,
438034.203,4963564.944,578.081,,,
,,,,,
439510.201,4965638.298,595.176,,,
439513.907,4965633.946,595.284,,,
439521.942,4965630.704,594.475,,,
439536.531,4965624.243,594.31,,,
439544.831,4965620.892,593.641,,,
439554.963,4965621.694,593.621,,,
439568.606,4965625.628,592.646,,,
439574.892,4965629.121,592.267,,,
439589.489,4965635.362,592.369,,,
439589.492,4965635.358,592.402,,,
439599.465,4965639.083,594.623,,,
439611.609,4965646.078,594.458,,,
439619.109,4965649.204,594.385,,,
439628.515,4965654.443,594.282,,,
439641.878,4965659.92,594.685,,,
,,,,,
437757.387,4963502.745,581.768,,,
437756.985,4963492.137,581.696,,,
437756.692,4963485.14,581.435,,,
437765.757,4963484.161,581.37,,,
437766.946,4963481.888,581.414,,,
437742.69,4963484.732,581.982,,,
437727.271,4963484.749,582.358,,,
437706.893,4963484.98,582.397,,,
437706.453,4963482.212,582.214,,,
,,,,,
437864.606,4963831.275,585.632,,,
437856.322,4963831.563,587.076,,,
437842.103,4963834.711,586.993,,,
437834.698,4963838.264,585.166,,,
437832.66,4963889.412,584.849,,,
437825.722,4963892.989,584.995,,,
437817.702,4963894.346,583.837,,,
437805.979,4963886.844,585.472,,,
437806.362,4963875.248,585.402,,,
437805.063,4963855.333,585.365,,,
,,,,,
437820.953,4963760.289,584.786,,,
437809.077,4963760.959,585.054,,,
437793.44,4963761.314,585.353,,,
437769.953,4963762.195,585.912,,,
437755.494,4963761.548,587.296,,,
437751.796,4963748.533,587.256,,,
437748.377,4963743.604,587.135,,,
437750.64,4963732.792,587.051,,,
437750.586,4963723.617,585.66,,,
,,,,,
436831.721,4964885.869,581.822,,,
436783.374,4964874.921,580.209,,,
,,,,,
437805.979,4963886.844,585.472,,,
437804.41,4963891.007,585.501,,,
,,,,,
437997.572,4964773.31,584.498,,,
437991.115,4964764.822,583.879,,,
437977.38,4964754.252,584.352,,,
437961.831,4964739.419,584.729,,,
437944.678,4964722.497,586.497,,,
437941.654,4964714.537,586.532,,,
437941.825,4964708.572,586.552,,,
437943.861,4964702.761,586.577,,,
437963.128,4964680.651,585.27,,,
437973.54,4964671.511,584.797,,,
437984.168,4964659.088,584.651,,,
438010.974,4964632.267,583.77,,,
438037.866,4964609.453,583.86,,,
438053.901,4964589.582,582.106,,,
438109.695,4964538.197,581.356,,,
438135.912,4964510.699,581.266,,,
438168.708,4964479.159,580.687,,,
438176.087,4964471.59,580.823,,,
,,,,,
437532.636,4964281.148,593.188,,,
437535.215,4964299.858,,,,
,,,,,
437243.772,4964862.805,,,,
437274.244,4964862.976,,,,
,,,,,
438443.729,4964157.595,580.774,,,
438446.415,4964149.225,580.219,,,
438449.533,4964119.328,579.645,,,
438451.934,4964098.28,579.979,,,
438454.58,4964073.675,579.734,,,
438460.875,4964047.023,579.399,,,
438465.931,4964026.481,579.353,,,
438471.799,4963997.204,578.424,,,
438476.863,4963965.669,579.054,,,
438480.648,4963941.721,578.942,,,
438483.017,4963923.466,578.954,,,
438486.43,4963906.539,579.057,,,
438489.777,4963890.132,578.761,,,
438493.753,4963874.241,578.875,,,
438497.899,4963857.807,578.858,,,
438520.214,4963861.183,576.376,,,
,,,,,
437513.774,4963323.578,592.443,,,
437516.224,4963343.815,593.521,,,
437548.795,4963668.608,593.293,,,
437611.559,4963666.926,590.658,,,
437668.432,4963669.52,590.229,,,
437700.014,4963668.692,587.436,,,
437751.21,4963668.594,585.195,,,
437817.935,4963668.241,582.942,,,
437884.449,4963666.755,581.202,,,
437911.159,4963665.945,580.634,,,
437912.169,4963758.12,581.886,,,
437919.275,4963767.293,581.861,,,
437964.086,4963764.819,580.873,,,
437998.153,4963764.849,580.218,,,
438042.487,4963765.334,579.412,,,
438113.101,4963765.168,578.383,,,
438172.548,4963765.392,578.24,,,
438228.263,4963767.844,578.614,,,
438238.868,4963797.678,578.227,,,
438241.867,4963807.562,578.144,,,
438246.526,4963820.053,578.204,,,
438252.655,4963836.073,578.655,,,
438254.005,4963840.028,578.303,,,
438353.025,4963839.431,579.692,,,
438354.003,4963900.942,,,,
438354.325,4963951.641,,,,
438355.078,4964024.002,,,,
438355.472,4964075.15,,,,
438355.6,4964111.824,,,,
438355.876,4964147.864,,,,
438352.834,4964172.74,,,,
438350.566,4964190.241,584.672,,,
,,,,,
437768.27,4964185.49,585.54,,,
437768.592,4964172.201,584.589,,,
437772.467,4964165.322,584.638,,,
437772.814,4964152.48,584.907,,,
437773.243,4964145.958,584.994,,,
437775.961,4964139.641,585.356,,,
437779.737,4964128.957,585.649,,,
437788.02,4964113.995,585.617,,,
437790.885,4964109.631,585.639,,,
437802.023,4964109.167,585.715,,,
437809.61,4964109.394,586.016,,,
437830.016,4964109.272,584,,,
437845.692,4964109.209,583.764,,,
437846.157,4964100.175,583.982,,,
437846.998,4964083.218,583.713,,,
437846.884,4964081.478,583.707,,,
,,,,,
437796.148,4963509.851,581.624,,,
437786.941,4963510.848,581.573,,,
437759.14,4963510.949,581.813,,,
437758.136,4963510.487,581.775,,,
437757.972,4963527.189,581.755,,,
437757.977,4963544.821,581.953,,,
,,,,,
437355.646,4963451.968,595.621,,,
437350.127,4963435.184,595.689,,,
437346.807,4963423.384,595.177,,,
437346.086,4963415.734,595.299,,,
437345.933,4963413.151,595.115,,,
437355.778,4963412.855,595.49,,,
437366.511,4963413.065,595.416,,,
,,,,,
439426.212,4965454.882,,,,
439460.372,4965471.073,,,,
439507.485,4965490.163,,,,
439534.188,4965502.558,,,,
439535.93,4965502.094,,,,
439544.18,4965489.084,,,,
439538.067,4965488.056,,,,
439543.798,4965465.525,,,,
439536.09,4965458.935,,,,
439536.09,4965458.935,595.595,,,
439536.137,4965452.588,595.595,,,
439535.776,4965448.806,595.595,,,
,,,,,
438353.337,4963836.925,579.663,,,
438367.109,4963839.741,579.773,,,
438376.115,4963841.389,579.382,,,
438378.481,4963845.52,579.023,,,
438398.478,4963839.772,583.369,,,
438413.434,4963838.78,582.564,,,
438412.132,4963812.438,582.361,,,
438409.166,4963785.581,581.927,,,
438405.38,4963756.658,581.871,,,
438400.314,4963726.951,581.517,,,
438397.404,4963697.667,581.127,,,
438396.376,4963668.323,580.652,,,
438396.436,4963668.353,580.641,,,
438396.52,4963651.044,579.572,,,
438368.868,4963649.701,579.96,,,
438342.38,4963649.512,580.197,,,
438311.482,4963650.003,579.301,,,
438278.508,4963648.46,577.169,,,
438231.172,4963646.141,577.055,,,
438211.948,4963646.436,577.536,,,
438165.761,4963649.678,577.062,,,
438155.149,4963658.842,577.092,,,
438149.912,4963664.886,577.098,,,
,,,,,
440108.697,4965732.66,,,,
440103.749,4965731.764,,,,
440106.803,4965711.483,,,,
439568.532,4965452.956,,,,
439567.108,4965454.916,,,,
439537.418,4965446.604,,,,
,,,,,
438149.003,4963666.476,,,,
438140.473,4963671.029,577.79,,,
438118.279,4963671.96,578.032,,,
438087.838,4963671.96,578.376,,,
438057.586,4963671.848,578.685,,,
438028.028,4963671.778,579.168,,,
437998.114,4963672.12,579.349,,,
437968.368,4963672.601,579.737,,,
437938.269,4963672.402,580.862,,,
437913.403,4963662.194,581.404,,,
437886.469,4963654.729,581.42,,,
437859.115,4963653.414,582.032,,,
437832.91,4963653.449,582.934,,,
437817.737,4963652.536,583.646,,,
,,,,,
439280.547,4965523.848,595.595,,,
439282.859,4965512.271,595.595,,,
439288.396,4965504.122,595.698,,,
439282.859,4965512.271,595.595,,,
439298.488,4965489.27,595.595,,,
439306.04,4965478.155,595.595,,,
439362.732,4965494.587,595.595,,,
439372.451,4965470.306,595.595,,,
439372.451,4965470.306,,,,
439374.213,4965460.873,,,,
439413.675,4965449.626,,,,
439426.212,4965454.882,,,,
,,,,,
438247.599,4963747.848,577.684,,,
438241.453,4963726.864,577.825,,,
438236.904,4963712.946,577.688,,,
438300.194,4963742.273,577.871,,,
438318.014,4963745.384,579.145,,,
438348.665,4963745.214,580.794,,,
438371.184,4963743.674,582.266,,,
438381.884,4963738.134,581.147,,,
438398.31,4963736.563,581.469,,,
438401.281,4963757.069,581.818,,,
438404.283,4963785.476,581.878,,,
438408.244,4963813.335,582.218,,,
438408.277,4963849.323,582.28,,,
438394.064,4963861.828,582.235,,,
438359.023,4963867.227,581.79,,,
438345.654,4963867.421,580.125,,,
438339.306,4963856.477,579.913,,,
,,,,,
439393.242,4965726.546,,,,
439368.176,4965755.33,597.743,,,
439328.05,4965788.181,597.771,,,
439319.05,4965797.144,597.974,,,
439311.647,4965809.291,598.414,,,
439301.766,4965821.665,598.009,,,
439282.51,4965852.428,,,,
439272.443,4965864.641,598.09,,,
439269.548,4965865.677,598.119,,,
439267.99,4965866.195,598.293,,,
439266.2,4965866.593,598.422,,,
439263.757,4965866.637,598.309,,,
439261.981,4965866.427,598.544,,,
439260.198,4965864.931,598.874,,,
439240.642,4965850.719,609.367,,,
439231.123,4965847.667,610.06,,,
,,,,,
438192.634,4963722.553,577.819,,,
438247.599,4963747.848,577.684,,,
,,,,,
441190.8,4967034.06,690.024,,,
441479.488,4966734.586,604.061,,,
,,,,,
441220.926,4963960.895,637.539,,,
440621.037,4963492.863,669.868,,,
,,,,,
439440.484,4965839.941,598.401,,,
439441.004,4965836.657,598.551,,,
439445.698,4965826.961,599.11,,,
439447.217,4965821.371,599.252,,,
439448.787,4965810.91,599.059,,,
439459.912,4965793.112,597.987,,,
439470.179,4965778.344,597.155,,,
439484.601,4965762.976,597.31,,,
439506.648,4965740.515,596.59,,,
439515.473,4965744.321,596.388,,,
439522.152,4965748.022,596.389,,,
439532.132,4965753.324,596.545,,,
,,,,,
438541.46,4964779.928,583.942,,,
438420.427,4964740.747,586.917,,,
438411.14,4964768.414,587.074,,,
438309.814,4964752.45,593.58,,,
,,,,,
439124.036,4966366.674,599.011,,,
439116.33,4966352.315,599.065,,,
439098.753,4966338.237,599.502,,,
439077.29,4966322.278,598.885,,,
439056.774,4966307.731,601.104,,,
439031.261,4966288.796,601.775,,,
,,,,,
438411.14,4964768.414,587.074,,,
438422.953,4964774.929,586.876,,,
438445.033,4964781.382,586.879,,,
438464.64,4964785.723,586.129,,,
438503.759,4964797.306,586.176,,,
438520.826,4964806.101,585.398,,,
438532.813,4964815.095,584.588,,,
438558.833,4964837.053,584.588,,,
438573.019,4964856.657,583.896,,,
438586.219,4964876.999,584.005,,,
438613.197,4964920.692,584.629,,,
438626.911,4964942.445,584.859,,,
438645.792,4964971.323,585.099,,,
438663.985,4964998.951,585.364,,,
438685.638,4965031.832,585.734,,,
438707.105,4965064.019,586.223,,,
438731.209,4965098.796,586.353,,,
438752.812,4965125.509,586.794,,,
438773.683,4965151.847,586.924,,,
438799.412,4965182.401,587.105,,,
438809.391,4965194.463,587.09,,,
438835.758,4965223.862,587.132,,,
438862.748,4965252.902,587.368,,,
438884.011,4965276.095,587.797,,,
438901.658,4965290.887,587.897,,,
438933.083,4965313.965,588.544,,,
438939.784,4965318.526,584.588,,,
438934.193,4965325.888,584.588,,,
,,,,,
441287.907,4966624.249,604.993,,,
441479.488,4966734.586,604.061,,,
441625.157,4966807,606.984,,,
441627.934,4966803.04,606.645,,,
441647.574,4966806.708,605.585,,,
,,,,,
441933.206,4964145.661,601.634,,,
441639.807,4964172.916,614.144,,,
441584.782,4964185.922,614.244,,,
441546.161,4964193.965,613.052,,,
441493.771,4964210.421,609.102,,,
441444.17,4964218.87,604.978,,,
441412.173,4964228.066,604.688,,,
441399.95,4964236.657,601.151,,,
441385.951,4964244.338,595.682,,,
441368.078,4964300.697,586.894,,,
441350.966,4964351.632,587.03,,,
441146.08,4964294.29,,,,
440742.852,4964049.129,583.745,,,
440695.455,4964052.463,585.583,,,
,,,,,
440936.702,4967121.909,692.799,,,
441173.467,4967031.294,690.399,,,
441190.8,4967034.06,690.024,,,
441320.785,4967117.883,670.389,,,
441239.933,4967171.459,670.123,,,
441267.162,4967199.108,667.809,,,
,,,,,
438411.14,4964768.414,587.074,,,
438422.953,4964774.929,586.876,,,
438445.033,4964781.382,586.879,,,
438464.64,4964785.723,586.129,,,
438503.759,4964797.306,586.176,,,
438520.826,4964806.101,585.398,,,
438532.813,4964815.095,584.588,,,
438558.833,4964837.053,584.588,,,
438573.019,4964856.657,583.896,,,
438586.219,4964876.999,584.005,,,
438613.197,4964920.692,584.629,,,
438626.911,4964942.445,584.859,,,
438645.792,4964971.323,585.099,,,
438663.985,4964998.951,585.364,,,
438685.638,4965031.832,585.734,,,
438707.105,4965064.019,586.223,,,
438731.209,4965098.796,586.353,,,
438752.812,4965125.509,586.794,,,
438773.683,4965151.847,586.924,,,
438799.412,4965182.401,587.105,,,
438809.391,4965194.463,587.09,,,
438835.758,4965223.862,587.132,,,
438862.748,4965252.902,587.368,,,
438884.011,4965276.095,587.797,,,
438901.658,4965290.887,587.897,,,
438933.083,4965313.965,588.544,,,
438939.784,4965318.526,584.588,,,
438934.193,4965325.888,584.588,,,
,,,,,
438541.46,4964779.928,583.942,,,
438420.427,4964740.747,586.917,,,
438411.14,4964768.414,587.074,,,
438309.814,4964752.45,593.58,,,
